record_no,snapshot_index,target_id,field,source_value,source_valid,protocol_code,decoded_value,decoded_valid,absolute_error,tolerance,quantization_units,passed
1,1,a48850,lat,48.3902,true,3224725,48.390216443590276,true,1.6443590276082887e-05,4.2915354470099084e-05,0.38316333347636267,true
1,1,a48850,lon,9.4747,true,2207540,9.474723213845039,true,2.3213845038227987e-05,8.583070894019817e-05,0.2704608330149299,true
1,1,a48850,altitude,11887.2,true,12887,11887,true,0.2000000000007276,1.0,0.2000000000007276,true
1,1,a48850,speed,241.82,true,2418,241.8,true,0.01999999999998181,0.1,0.1999999999998181,true
1,1,a48850,heading,152.78,true,15278,152.78,true,0.0,0.01,0.0,true
1,1,a48850,vertical_rate,0.0,true,32768,0.0,true,0.0,0.01,0.0,true
1,1,a48850,callsign,UPS266,true,UPS266,UPS266,true,,exact,,true
2,1,896175,lat,45.5435,true,3158392,45.543512235525185,true,1.2235525183257323e-05,4.2915354470099084e-05,0.28510833323728746,true
2,1,896175,lon,5.0463,true,2155945,5.046287786075538,true,1.2213924461157433e-05,8.583070894019817e-05,0.14230250002557224,true
2,1,896175,altitude,10972.8,true,11973,10973,true,0.2000000000007276,1.0,0.2000000000007276,true
2,1,896175,speed,256.15,true,2561,256.1,true,0.049999999999954525,0.1,0.49999999999954525,true
2,1,896175,heading,109.96,true,10996,109.96000000000001,true,1.4210854715202004e-14,0.01,1.4210854715202004e-12,true
2,1,896175,vertical_rate,0.0,true,32768,0.0,true,0.0,0.01,0.0,true
2,1,896175,callsign,UAE4M,true,UAE4M,UAE4M,true,,exact,,true
3,1,3849ff,lat,47.5864,true,3205995,47.58641185436531,true,1.1854365311592119e-05,4.2915354470099084e-05,0.27622666660837086,true
3,1,3849ff,lon,7.5318,true,2184903,7.531773455565798,true,2.6544434201802858e-05,8.583070894019817e-05,0.30926500001645646,true
3,1,3849ff,altitude,,false,0,,false,,,,true
3,1,3849ff,speed,12.35,true,123,12.3,true,0.049999999999998934,0.1,0.49999999999998934,true
3,1,3849ff,heading,300.94,true,30094,300.94,true,0.0,0.01,0.0,true
3,1,3849ff,vertical_rate,,false,0,,false,,,,true
3,1,3849ff,callsign,M02,true,M02,M02,true,,exact,,true
4,1,407fac,lat,48.9159,true,3236974,48.91588662049452,true,1.337950548219169e-05,4.2915354470099084e-05,0.31176499990262807,true
4,1,407fac,lon,9.0408,true,2202484,9.040763149443421,true,3.68505565795374e-05,8.583070894019817e-05,0.4293400000367318,true
4,1,407fac,altitude,11582.4,true,12582,11582,true,0.3999999999996362,1.0,0.3999999999996362,true
4,1,407fac,speed,228.42,true,2284,228.4,true,0.01999999999998181,0.1,0.1999999999998181,true
4,1,407fac,heading,300.9,true,30090,300.90000000000003,true,5.684341886080802e-14,0.01,5.6843418860808015e-12,true
4,1,407fac,vertical_rate,0.0,true,32768,0.0,true,0.0,0.01,0.0,true
4,1,407fac,callsign,TOM8VC,true,TOM8VC,TOM8VC,true,,exact,,true
5,1,3c815e,lat,48.6854,true,3231603,48.6853882516356,true,1.1748364400432365e-05,4.2915354470099084e-05,0.2737566669434815,true
5,1,3c815e,lon,9.2005,true,2204345,9.200494098781121,true,5.901218878889836e-06,8.583070894019817e-05,0.06875416679828965,true
5,1,3c815e,altitude,,false,0,,false,,,,true
5,1,3c815e,speed,1.29,true,13,1.3,true,0.010000000000000009,0.1,0.10000000000000009,true
5,1,3c815e,heading,70.31,true,7031,70.31,true,0.0,0.01,0.0,true
5,1,3c815e,vertical_rate,,false,0,,false,,,,true
5,1,3c815e,callsign,F172,true,F172,F172,true,,exact,,true
6,1,7c8066,lat,49.3885,true,3247987,49.38851341927369,true,1.3419273692250044e-05,4.2915354470099084e-05,0.3126916661401413,true
6,1,7c8066,lon,11.6329,true,2232685,11.63293639014637,true,3.639014637002447e-05,8.583070894019817e-05,0.42397583358397983,true
6,1,7c8066,altitude,12192.0,true,13192,12192,true,0.0,1.0,0.0,true
6,1,7c8066,speed,244.2,true,2442,244.20000000000002,true,2.842170943040401e-14,0.1,2.8421709430404007e-13,true
6,1,7c8066,heading,293.59,true,29359,293.59000000000003,true,5.684341886080802e-14,0.01,5.6843418860808015e-12,true
6,1,7c8066,vertical_rate,0.0,true,32768,0.0,true,0.0,0.01,0.0,true
6,1,7c8066,callsign,QFA219,true,QFA219,QFA219,true,,exact,,true
7,1,45ce47,lat,48.5581,true,3228637,48.558101310277294,true,1.310277291111106e-06,4.2915354470099084e-05,0.03053166651632881,true
7,1,45ce47,lon,6.2995,true,2170546,6.299501967311386,true,1.967311385797643e-06,8.583070894019817e-05,0.022920833464958924,true
7,1,45ce47,altitude,11887.2,true,12887,11887,true,0.2000000000007276,1.0,0.2000000000007276,true
7,1,45ce47,speed,233.12,true,2331,233.10000000000002,true,0.01999999999998181,0.1,0.1999999999998181,true
7,1,45ce47,heading,181.52,true,18152,181.52,true,0.0,0.01,0.0,true
7,1,45ce47,vertical_rate,0.0,true,32768,0.0,true,0.0,0.01,0.0,true
7,1,45ce47,callsign,SRR6382,true,SRR6382,SRR6382,true,,exact,,true
8,1,3c5434,lat,45.7544,true,3163306,45.75439828739124,true,1.7126087570318305e-06,4.2915354470099084e-05,0.03990666693024932,true
8,1,3c5434,lon,8.7707,true,2199338,8.770739739117545,true,3.973911754506787e-05,8.583070894019817e-05,0.4629941664906411,true
8,1,3c5434,altitude,3429.0,true,4429,3429,true,0.0,1.0,0.0,true
8,1,3c5434,speed,180.12,true,1801,180.10000000000002,true,0.01999999999998181,0.1,0.1999999999998181,true
8,1,3c5434,heading,147.72,true,14772,147.72,true,0.0,0.01,0.0,true
8,1,3c5434,vertical_rate,-6.83,true,32085,-6.829999999999984,true,1.5987211554602254e-14,0.01,1.5987211554602254e-12,true
8,1,3c5434,callsign,BCS6GA,true,BCS6GA,BCS6GA,true,,exact,,true
9,1,4b5d62,lat,47.4577,true,3202996,47.45770870630949,true,8.706309486683494e-06,4.2915354470099084e-05,0.20287166666069467,true
9,1,4b5d62,lon,8.5626,true,2196913,8.562600269937576,true,2.699375762915679e-07,8.583070894019817e-05,0.0031449999612568114,true
9,1,4b5d62,altitude,,false,0,,false,,,,true
9,1,4b5d62,speed,2.83,true,28,2.8000000000000003,true,0.029999999999999805,0.1,0.29999999999999805,true
9,1,4b5d62,heading,272.81,true,27281,272.81,true,0.0,0.01,0.0,true
9,1,4b5d62,vertical_rate,,false,0,,false,,,,true
9,1,4b5d62,callsign,VIKTOR21,true,VIKTOR21,VIKTOR21,true,,exact,,true
10,1,4b5d54,lat,47.4581,true,3203005,47.45809494449972,true,5.055500281514469e-06,4.2915354470099084e-05,0.11780166665142768,true
10,1,4b5d54,lon,8.5502,true,2196769,8.550240647850188,true,4.064785018798034e-05,8.583070894019817e-05,0.47358166663054585,true
10,1,4b5d54,altitude,,false,0,,false,,,,true
10,1,4b5d54,speed,3.6,true,36,3.6,true,0.0,0.1,0.0,true
10,1,4b5d54,heading,275.62,true,27562,275.62,true,0.0,0.01,0.0,true
10,1,4b5d54,vertical_rate,,false,0,,false,,,,true
10,1,4b5d54,callsign,GALA6,true,GALA6,GALA6,true,,exact,,true
11,1,4b5d6e,lat,47.4409,true,3202604,47.44088588735721,true,1.4112642787722507e-05,4.2915354470099084e-05,0.3288483332359604,true
11,1,4b5d6e,lon,8.5619,true,2196905,8.561913624266055,true,1.36242660548902e-05,8.583070894019817e-05,0.15873416663006704,true
11,1,4b5d6e,altitude,,false,0,,false,,,,true
11,1,4b5d6e,speed,2.83,true,28,2.8000000000000003,true,0.029999999999999805,0.1,0.29999999999999805,true
11,1,4b5d6e,heading,22.5,true,2250,22.5,true,0.0,0.01,0.0,true
11,1,4b5d6e,vertical_rate,,false,0,,false,,,,true
11,1,4b5d6e,callsign,VIKTOR31,true,VIKTOR31,VIKTOR31,true,,exact,,true
12,1,4b5c39,lat,47.458,true,3203003,47.45800911379078,true,9.113790781611897e-06,4.2915354470099084e-05,0.2123666667593729,true
12,1,4b5c39,lon,8.5506,true,2196773,8.550583970685949,true,1.602931405031427e-05,8.583070894019817e-05,0.18675500002548692,true
12,1,4b5c39,altitude,,false,0,,false,,,,true
12,1,4b5c39,speed,4.63,true,46,4.6000000000000005,true,0.02999999999999936,0.1,0.2999999999999936,true
12,1,4b5c39,heading,278.44,true,27844,278.44,true,0.0,0.01,0.0,true
12,1,4b5c39,vertical_rate,,false,0,,false,,,,true
12,1,4b5c39,callsign,GALA21,true,GALA21,GALA21,true,,exact,,true
13,1,4b5c1b,lat,47.4568,true,3202975,47.45680748386562,true,7.483865616109142e-06,4.2915354470099084e-05,0.1743866666957968,true
13,1,4b5c1b,lon,8.5628,true,2196915,8.562771931355456,true,2.8068644542855736e-05,8.583070894019817e-05,0.32702333336675954,true
13,1,4b5c1b,altitude,,false,0,,false,,,,true
13,1,4b5c1b,speed,0.26,true,3,0.30000000000000004,true,0.040000000000000036,0.1,0.40000000000000036,true
13,1,4b5c1b,heading,300.94,true,30094,300.94,true,0.0,0.01,0.0,true
13,1,4b5c1b,vertical_rate,,false,0,,false,,,,true
13,1,4b5c1b,callsign,URSULA8,true,URSULA8,URSULA8,true,,exact,,true
14,1,48ea3a,lat,47.9068,true,3213461,47.90681789083908,true,1.7890839082213006e-05,4.2915354470099084e-05,0.41688666686135145,true
14,1,48ea3a,lon,8.0877,true,2191380,8.087698957371487,true,1.0426285133036117e-06,8.583070894019817e-05,0.01214749972565244,true
14,1,48ea3a,altitude,10972.8,true,11973,10973,true,0.2000000000007276,1.0,0.2000000000007276,true
14,1,48ea3a,speed,229.54,true,2295,229.5,true,0.03999999999999204,0.1,0.3999999999999204,true
14,1,48ea3a,heading,225.45,true,22545,225.45000000000002,true,2.842170943040401e-14,0.01,2.8421709430404007e-12,true
14,1,48ea3a,vertical_rate,0.0,true,32768,0.0,true,0.0,0.01,0.0,true
14,1,48ea3a,callsign,ENT1511,true,ENT1511,ENT1511,true,,exact,,true
15,1,424cbf,lat,46.8991,true,3189979,46.89907953717221,true,2.046282778422892e-05,4.2915354470099084e-05,0.47681833313263733,true
15,1,424cbf,lon,11.2504,true,2228228,11.250388920399871,true,1.1079600129804135e-05,8.583070894019817e-05,0.12908666684232742,true
15,1,424cbf,altitude,9883.14,true,10883,9883,true,0.13999999999941792,1.0,0.13999999999941792,true
15,1,424cbf,speed,244.26,true,2443,244.3,true,0.040000000000020464,0.1,0.40000000000020464,true
15,1,424cbf,heading,222.87,true,22287,222.87,true,0.0,0.01,0.0,true
15,1,424cbf,vertical_rate,-8.13,true,31955,-8.129999999999995,true,5.329070518200751e-15,0.01,5.329070518200751e-13,true
15,1,424cbf,callsign,MACOR,true,MACOR,MACOR,true,,exact,,true
16,1,a61c53,lat,49.3817,true,3247828,49.38168987791295,true,1.0122087054753592e-05,4.2915354470099084e-05,0.23586166722230087,true
16,1,a61c53,lon,10.8344,true,2223381,10.834367474166726,true,3.252583327473246e-05,8.583070894019817e-05,0.3789533335603061,true
16,1,a61c53,altitude,10363.2,true,11363,10363,true,0.2000000000007276,1.0,0.2000000000007276,true
16,1,a61c53,speed,243.21,true,2432,243.20000000000002,true,0.009999999999990905,0.1,0.09999999999990905,true
16,1,a61c53,heading,288.63,true,28863,288.63,true,0.0,0.01,0.0,true
16,1,a61c53,vertical_rate,0.0,true,32768,0.0,true,0.0,0.01,0.0,true
16,1,a61c53,callsign,THY6091,true,THY6091,THY6091,true,,exact,,true
17,1,8966d5,lat,47.8922,true,3213120,47.892183754964776,true,1.624503522634768e-05,4.2915354470099084e-05,0.3785366665831987,true
17,1,8966d5,lon,7.5863,true,2185538,7.5862759557428205,true,2.4044257179056672e-05,8.583070894019817e-05,0.2801358333858026,true
17,1,8966d5,altitude,11277.6,true,12278,11278,true,0.3999999999996362,1.0,0.3999999999996362,true
17,1,8966d5,speed,259.27,true,2593,259.3,true,0.03000000000002956,0.1,0.3000000000002956,true
17,1,8966d5,heading,104.01,true,10401,104.01,true,0.0,0.01,0.0,true
17,1,8966d5,vertical_rate,0.0,true,32768,0.0,true,0.0,0.01,0.0,true
17,1,8966d5,callsign,ETD2,true,ETD2,ETD2,true,,exact,,true
18,1,4d253b,lat,46.5527,true,3181908,46.552709711244034,true,9.711244032928334e-06,4.2915354470099084e-05,0.22628833322801895,true
18,1,4d253b,lon,5.7932,true,2164647,5.793186615273129,true,1.3384726870846464e-05,8.583070894019817e-05,0.15594333352381093,true
18,1,4d253b,altitude,11277.6,true,12278,11278,true,0.3999999999996362,1.0,0.3999999999996362,true
18,1,4d253b,speed,224.65,true,2247,224.70000000000002,true,0.05000000000001137,0.1,0.5000000000001137,true
18,1,4d253b,heading,200.51,true,20051,200.51,true,0.0,0.01,0.0,true
18,1,4d253b,vertical_rate,0.0,true,32768,0.0,true,0.0,0.01,0.0,true
18,1,4d253b,callsign,EWG40C,true,EWG40C,EWG40C,true,,exact,,true
19,1,45b534,lat,48.7181,true,3232365,48.71808975174184,true,1.0248258156764223e-05,4.2915354470099084e-05,0.23880166628717028,true
19,1,45b534,lon,9.474,true,2207532,9.474036568173517,true,3.656817351682662e-05,8.583070894019817e-05,0.4260499996837401,true
19,1,45b534,altitude,11582.4,true,12582,11582,true,0.3999999999996362,1.0,0.3999999999996362,true
19,1,45b534,speed,222.93,true,2229,222.9,true,0.030000000000001137,0.1,0.30000000000001137,true
19,1,45b534,heading,302.37,true,30237,302.37,true,0.0,0.01,0.0,true
19,1,45b534,vertical_rate,0.0,true,32768,0.0,true,0.0,0.01,0.0,true
19,1,45b534,callsign,GAV596,true,GAV596,GAV596,true,,exact,,true
20,1,4d240c,lat,49.244,true,3244620,49.24401742077288,true,1.7420772877585478e-05,4.2915354470099084e-05,0.4059333330154189,true
20,1,4d240c,lon,10.6347,true,2221055,10.634725245171836,true,2.5245171835663882e-05,8.583070894019817e-05,0.29412749990511255,true
20,1,4d240c,altitude,5189.22,true,6189,5189,true,0.22000000000025466,1.0,0.22000000000025466,true
20,1,4d240c,speed,186.49,true,1865,186.5,true,0.009999999999990905,0.1,0.09999999999990905,true
20,1,4d240c,heading,248.81,true,24881,248.81,true,0.0,0.01,0.0,true
20,1,4d240c,vertical_rate,10.08,true,33776,10.079999999999984,true,1.5987211554602254e-14,0.01,1.5987211554602254e-12,true
20,1,4d240c,callsign,EWG53L,true,EWG53L,EWG53L,true,,exact,,true
21,1,ad35c8,lat,45.9506,true,3167878,45.95060728802855,true,7.288028548657621e-06,4.2915354470099084e-05,0.16982333336511282,true
21,1,ad35c8,lon,11.2781,true,2228551,11.278112239387553,true,1.2239387553236725e-05,8.583070894019817e-05,0.1425991664797318,true
21,1,ad35c8,altitude,13716.0,true,14716,13716,true,0.0,1.0,0.0,true
21,1,ad35c8,speed,255.47,true,2555,255.5,true,0.030000000000001137,0.1,0.30000000000001137,true
21,1,ad35c8,heading,118.11,true,11811,118.11,true,0.0,0.01,0.0,true
21,1,ad35c8,vertical_rate,0.0,true,32768,0.0,true,0.0,0.01,0.0,true
21,1,ad35c8,callsign,N950MP,true,N950MP,N950MP,true,,exact,,true
22,1,3889ff,lat,45.7174,true,3162444,45.71740525183802,true,5.2518380186938884e-06,4.2915354470099084e-05,0.12237666642956574,true
22,1,3889ff,lon,5.0917,true,2156474,5.091692231104901,true,7.768895099680151e-06,8.583070894019817e-05,0.09051416673131599,true
22,1,3889ff,altitude,,false,0,,false,,,,true
22,1,3889ff,speed,5.66,true,57,5.7,true,0.040000000000000036,0.1,0.40000000000000036,true
22,1,3889ff,heading,171.56,true,17156,171.56,true,0.0,0.01,0.0,true
22,1,3889ff,vertical_rate,,false,0,,false,,,,true
22,1,3889ff,callsign,LA2,true,LA2,LA2,true,,exact,,true
23,1,4b17fd,lat,47.4443,true,3202684,47.44431911571482,true,1.9115714820827634e-05,4.2915354470099084e-05,0.44542833344523225,true
23,1,4b17fd,lon,8.5674,true,2196969,8.567406789638227,true,6.789638227644446e-06,8.583070894019817e-05,0.07910499996423273,true
23,1,4b17fd,altitude,,false,0,,false,,,,true
23,1,4b17fd,speed,0.26,true,3,0.30000000000000004,true,0.040000000000000036,0.1,0.40000000000000036,true
23,1,4b17fd,heading,244.69,true,24469,244.69,true,0.0,0.01,0.0,true
23,1,4b17fd,vertical_rate,,false,0,,false,,,,true
23,1,4b17fd,callsign,SWR7DC,true,SWR7DC,SWR7DC,true,,exact,,true
24,2,a48850,lat,48.3811,true,3224513,48.381118388442616,true,1.8388442612149447e-05,4.2915354470099084e-05,0.42848166674147925,true
24,2,a48850,lon,9.4818,true,2207622,9.481761331978134,true,3.8668021865362334e-05,8.583070894019817e-05,0.4505150003165412,true
24,2,a48850,altitude,11887.2,true,12887,11887,true,0.2000000000007276,1.0,0.2000000000007276,true
24,2,a48850,speed,241.82,true,2418,241.8,true,0.01999999999998181,0.1,0.1999999999998181,true
24,2,a48850,heading,152.78,true,15278,152.78,true,0.0,0.01,0.0,true
24,2,a48850,vertical_rate,0.0,true,32768,0.0,true,0.0,0.01,0.0,true
24,2,a48850,callsign,UPS266,true,UPS266,UPS266,true,,exact,,true
25,2,896175,lat,45.5396,true,3158301,45.539606938268406,true,6.938268406031511e-06,4.2915354470099084e-05,0.1616733332790177,true
25,2,896175,lon,5.0616,true,2156123,5.061565652266893,true,3.434773310750927e-05,8.583070894019817e-05,0.40018000004451515,true
25,2,896175,altitude,10972.8,true,11973,10973,true,0.2000000000007276,1.0,0.2000000000007276,true
25,2,896175,speed,255.67,true,2557,255.70000000000002,true,0.03000000000002956,0.1,0.3000000000002956,true
25,2,896175,heading,110.0,true,11000,110.0,true,0.0,0.01,0.0,true
25,2,896175,vertical_rate,0.0,true,32768,0.0,true,0.0,0.01,0.0,true
25,2,896175,callsign,UAE4M,true,UAE4M,UAE4M,true,,exact,,true
26,2,3849ff,lat,47.5871,true,3206011,47.58709850003683,true,1.4999631687828696e-06,4.2915354470099084e-05,0.03495166677064165,true
26,2,3849ff,lon,7.5312,true,2184896,7.5311726406032165,true,2.7359396783666057e-05,8.583070894019817e-05,0.3187600000220025,true
26,2,3849ff,altitude,,false,0,,false,,,,true
26,2,3849ff,speed,18.52,true,185,18.5,true,0.019999999999999574,0.1,0.19999999999999574,true
26,2,3849ff,heading,334.69,true,33469,334.69,true,0.0,0.01,0.0,true
26,2,3849ff,vertical_rate,,false,0,,false,,,,true
26,2,3849ff,callsign,M02,true,M02,M02,true,,exact,,true
27,2,407fac,lat,48.9207,true,3237086,48.92069314019517,true,6.859804827286098e-06,4.2915354470099084e-05,0.15984499981389202,true
27,2,407fac,lon,9.0286,true,2202342,9.028575188773914,true,2.481122608699593e-05,8.583070894019817e-05,0.28907166669545914,true
27,2,407fac,altitude,11582.4,true,12582,11582,true,0.3999999999996362,1.0,0.3999999999996362,true
27,2,407fac,speed,228.42,true,2284,228.4,true,0.01999999999998181,0.1,0.1999999999998181,true
27,2,407fac,heading,300.9,true,30090,300.90000000000003,true,5.684341886080802e-14,0.01,5.6843418860808015e-12,true
27,2,407fac,vertical_rate,0.0,true,32768,0.0,true,0.0,0.01,0.0,true
27,2,407fac,callsign,TOM8VC,true,TOM8VC,TOM8VC,true,,exact,,true
28,2,3c815e,lat,48.6854,true,3231603,48.6853882516356,true,1.1748364400432365e-05,4.2915354470099084e-05,0.2737566669434815,true
28,2,3c815e,lon,9.2005,true,2204345,9.200494098781121,true,5.901218878889836e-06,8.583070894019817e-05,0.06875416679828965,true
28,2,3c815e,altitude,,false,0,,false,,,,true
28,2,3c815e,speed,1.29,true,13,1.3,true,0.010000000000000009,0.1,0.10000000000000009,true
28,2,3c815e,heading,70.31,true,7031,70.31,true,0.0,0.01,0.0,true
28,2,3c815e,vertical_rate,,false,0,,false,,,,true
28,2,3c815e,callsign,F172,true,F172,F172,true,,exact,,true
29,2,7c8066,lat,49.3929,true,3248089,49.39289078542964,true,9.214570354743046e-06,4.2915354470099084e-05,0.21471500045894346,true
29,2,7c8066,lon,11.6172,true,2232502,11.617229370410314,true,2.9370410313589446e-05,8.583070894019817e-05,0.3421900002486643,true
29,2,7c8066,altitude,12184.38,true,13184,12184,true,0.37999999999919964,1.0,0.37999999999919964,true
29,2,7c8066,speed,244.2,true,2442,244.20000000000002,true,2.842170943040401e-14,0.1,2.8421709430404007e-13,true
29,2,7c8066,heading,293.59,true,29359,293.59000000000003,true,5.684341886080802e-14,0.01,5.6843418860808015e-12,true
29,2,7c8066,vertical_rate,0.0,true,32768,0.0,true,0.0,0.01,0.0,true
29,2,7c8066,callsign,QFA219,true,QFA219,QFA219,true,,exact,,true
30,2,45ce47,lat,48.5472,true,3228383,48.54720081024189,true,8.102418931343891e-07,4.2915354470099084e-05,0.018880000017218044,true
30,2,45ce47,lon,6.2991,true,2170541,6.299072813766685,true,2.718623331521286e-05,8.583070894019817e-05,0.3167424998686035,true
30,2,45ce47,altitude,11887.2,true,12887,11887,true,0.2000000000007276,1.0,0.2000000000007276,true
30,2,45ce47,speed,233.64,true,2336,233.60000000000002,true,0.03999999999996362,0.1,0.3999999999996362,true
30,2,45ce47,heading,181.51,true,18151,181.51,true,0.0,0.01,0.0,true
30,2,45ce47,vertical_rate,0.0,true,32768,0.0,true,0.0,0.01,0.0,true
30,2,45ce47,callsign,SRR6382,true,SRR6382,SRR6382,true,,exact,,true
31,2,3c5434,lat,45.7476,true,3163148,45.747617661384965,true,1.7661384966061178e-05,4.2915354470099084e-05,0.41153999970725164,true
31,2,3c5434,lon,8.7767,true,2199407,8.776662058034418,true,3.79419655818225e-05,8.583070894019817e-05,0.4420558335159302,true
31,2,3c5434,altitude,3398.52,true,4399,3399,true,0.4800000000000182,1.0,0.4800000000000182,true
31,2,3c5434,speed,176.54,true,1765,176.5,true,0.03999999999999204,0.1,0.3999999999999204,true
31,2,3c5434,heading,148.95,true,14895,148.95000000000002,true,2.842170943040401e-14,0.01,2.8421709430404007e-12,true
31,2,3c5434,vertical_rate,-6.5,true,32118,-6.5,true,0.0,0.01,0.0,true
31,2,3c5434,callsign,BCS6GA,true,BCS6GA,BCS6GA,true,,exact,,true
32,2,4b5d62,lat,47.4577,true,3202996,47.45770870630949,true,8.706309486683494e-06,4.2915354470099084e-05,0.20287166666069467,true
32,2,4b5d62,lon,8.5625,true,2196912,8.562514439228636,true,1.443922863586522e-05,8.583070894019817e-05,0.168229166625265,true
32,2,4b5d62,altitude,,false,0,,false,,,,true
32,2,4b5d62,speed,2.83,true,28,2.8000000000000003,true,0.029999999999999805,0.1,0.29999999999999805,true
32,2,4b5d62,heading,272.81,true,27281,272.81,true,0.0,0.01,0.0,true
32,2,4b5d62,vertical_rate,,false,0,,false,,,,true
32,2,4b5d62,callsign,VIKTOR21,true,VIKTOR21,VIKTOR21,true,,exact,,true
33,2,4b5d54,lat,47.4581,true,3203005,47.45809494449972,true,5.055500281514469e-06,4.2915354470099084e-05,0.11780166665142768,true
33,2,4b5d54,lon,8.5499,true,2196765,8.549897325014427,true,2.674985571715638e-06,8.583070894019817e-05,0.03116583335667671,true
33,2,4b5d54,altitude,,false,0,,false,,,,true
33,2,4b5d54,speed,4.12,true,41,4.1000000000000005,true,0.019999999999999574,0.1,0.19999999999999574,true
33,2,4b5d54,heading,275.62,true,27562,275.62,true,0.0,0.01,0.0,true
33,2,4b5d54,vertical_rate,,false,0,,false,,,,true
33,2,4b5d54,callsign,GALA6,true,GALA6,GALA6,true,,exact,,true
34,2,4b5d6e,lat,47.441,true,3202607,47.44101463342062,true,1.4633420619247772e-05,4.2915354470099084e-05,0.34098333335318215,true
34,2,4b5d6e,lon,8.5624,true,2196911,8.562428608519696,true,2.8608519695438872e-05,8.583070894019817e-05,0.3333133332892732,true
34,2,4b5d6e,altitude,,false,0,,false,,,,true
34,2,4b5d6e,speed,2.83,true,28,2.8000000000000003,true,0.029999999999999805,0.1,0.29999999999999805,true
34,2,4b5d6e,heading,154.69,true,15469,154.69,true,0.0,0.01,0.0,true
34,2,4b5d6e,vertical_rate,,false,0,,false,,,,true
34,2,4b5d6e,callsign,VIKTOR31,true,VIKTOR31,VIKTOR31,true,,exact,,true
35,2,4b5c39,lat,47.458,true,3203003,47.45800911379078,true,9.113790781611897e-06,4.2915354470099084e-05,0.2123666667593729,true
35,2,4b5c39,lon,8.5502,true,2196769,8.550240647850188,true,4.064785018798034e-05,8.583070894019817e-05,0.47358166663054585,true
35,2,4b5c39,altitude,,false,0,,false,,,,true
35,2,4b5c39,speed,4.37,true,44,4.4,true,0.03000000000000025,0.1,0.3000000000000025,true
35,2,4b5c39,heading,275.62,true,27562,275.62,true,0.0,0.01,0.0,true
35,2,4b5c39,vertical_rate,,false,0,,false,,,,true
35,2,4b5c39,callsign,GALA21,true,GALA21,GALA21,true,,exact,,true
36,2,4b5c1b,lat,47.4568,true,3202975,47.45680748386562,true,7.483865616109142e-06,4.2915354470099084e-05,0.1743866666957968,true
36,2,4b5c1b,lon,8.5628,true,2196915,8.562771931355456,true,2.8068644542855736e-05,8.583070894019817e-05,0.32702333336675954,true
36,2,4b5c1b,altitude,,false,0,,false,,,,true
36,2,4b5c1b,speed,0.06,true,1,0.1,true,0.04000000000000001,0.1,0.4000000000000001,true
36,2,4b5c1b,heading,208.12,true,20812,208.12,true,0.0,0.01,0.0,true
36,2,4b5c1b,vertical_rate,,false,0,,false,,,,true
36,2,4b5c1b,callsign,URSULA8,true,URSULA8,URSULA8,true,,exact,,true
37,2,440b61,lat,49.4601,true,3249655,49.46009623052984,true,3.769470154679766e-06,4.2915354470099084e-05,0.08783499987879892,true
37,2,440b61,lon,5.0066,true,2155483,5.006633998545169,true,3.399854516938916e-05,8.583070894019817e-05,0.39611166666556796,true
37,2,440b61,altitude,10873.74,true,11874,10874,true,0.2600000000002183,1.0,0.2600000000002183,true
37,2,440b61,speed,232.46,true,2325,232.5,true,0.03999999999999204,0.1,0.3999999999999204,true
37,2,440b61,heading,35.91,true,3591,35.910000000000004,true,7.105427357601002e-15,0.01,7.105427357601002e-13,true
37,2,440b61,vertical_rate,5.53,true,33321,5.529999999999973,true,2.7533531010703882e-14,0.01,2.7533531010703882e-12,true
37,2,440b61,callsign,TAY5DN,true,TAY5DN,TAY5DN,true,,exact,,true
38,2,48ea3a,lat,47.9002,true,3213307,47.900208926250684,true,8.92625068615871e-06,4.2915354470099084e-05,0.20799666684281964,true
38,2,48ea3a,lon,8.0776,true,2191262,8.077570933716487,true,2.906628351340146e-05,8.583070894019817e-05,0.3386466670530841,true
38,2,48ea3a,altitude,10972.8,true,11973,10973,true,0.2000000000007276,1.0,0.2000000000007276,true
38,2,48ea3a,speed,229.54,true,2295,229.5,true,0.03999999999999204,0.1,0.3999999999999204,true
38,2,48ea3a,heading,225.45,true,22545,225.45000000000002,true,2.842170943040401e-14,0.01,2.8421709430404007e-12,true
38,2,48ea3a,vertical_rate,0.0,true,32768,0.0,true,0.0,0.01,0.0,true
38,2,48ea3a,callsign,ENT1511,true,ENT1511,ENT1511,true,,exact,,true
39,2,424cbf,lat,46.8917,true,3189807,46.891698096203356,true,1.90379664388729e-06,4.2915354470099084e-05,0.0443616665269244,true
39,2,424cbf,lon,11.2404,true,2228112,11.240432558162809,true,3.255816280933743e-05,8.583070894019817e-05,0.3793299998491456,true
39,2,424cbf,altitude,9845.04,true,10845,9845,true,0.040000000000873115,1.0,0.040000000000873115,true
39,2,424cbf,speed,244.63,true,2446,244.60000000000002,true,0.029999999999972715,0.1,0.29999999999972715,true
39,2,424cbf,heading,222.78,true,22278,222.78,true,0.0,0.01,0.0,true
39,2,424cbf,vertical_rate,-8.78,true,31890,-8.779999999999973,true,2.6645352591003757e-14,0.01,2.6645352591003757e-12,true
39,2,424cbf,callsign,MACOR,true,MACOR,MACOR,true,,exact,,true
40,2,a61c53,lat,49.385,true,3247905,49.384994360207145,true,5.639792853173731e-06,4.2915354470099084e-05,0.13141666713025077,true
40,2,a61c53,lon,10.8196,true,2223209,10.819604592229012,true,4.592229013056226e-06,8.583070894019817e-05,0.05350333312819102,true
40,2,a61c53,altitude,10363.2,true,11363,10363,true,0.2000000000007276,1.0,0.2000000000007276,true
40,2,a61c53,speed,243.05,true,2431,243.10000000000002,true,0.05000000000001137,0.1,0.5000000000001137,true
40,2,a61c53,heading,288.51,true,28851,288.51,true,0.0,0.01,0.0,true
40,2,a61c53,vertical_rate,0.0,true,32768,0.0,true,0.0,0.01,0.0,true
40,2,a61c53,callsign,THY6091,true,THY6091,THY6091,true,,exact,,true
41,2,8966d5,lat,47.8892,true,3213050,47.88917968015187,true,2.031984813299914e-05,4.2915354470099084e-05,0.4734866665765705,true
41,2,8966d5,lon,7.6044,true,2185749,7.604386235329201,true,1.3764670798721568e-05,8.583070894019817e-05,0.16037000006969518,true
41,2,8966d5,altitude,11277.6,true,12278,11278,true,0.3999999999996362,1.0,0.3999999999996362,true
41,2,8966d5,speed,259.77,true,2598,259.8,true,0.03000000000002956,0.1,0.3000000000002956,true
41,2,8966d5,heading,103.98,true,10398,103.98,true,0.0,0.01,0.0,true
41,2,8966d5,vertical_rate,0.0,true,32768,0.0,true,0.0,0.01,0.0,true
41,2,8966d5,callsign,ETD2,true,ETD2,ETD2,true,,exact,,true
42,2,4d253b,lat,46.5431,true,3181684,46.54309667184273,true,3.328157269777421e-06,4.2915354470099084e-05,0.0775516667838847,true
42,2,4d253b,lon,5.7885,true,2164592,5.788465926281418,true,3.4073718581772994e-05,8.583070894019817e-05,0.39698750019079504,true
42,2,4d253b,altitude,11277.6,true,12278,11278,true,0.3999999999996362,1.0,0.3999999999996362,true
42,2,4d253b,speed,225.32,true,2253,225.3,true,0.01999999999998181,0.1,0.1999999999998181,true
42,2,4d253b,heading,198.23,true,19823,198.23000000000002,true,2.842170943040401e-14,0.01,2.8421709430404007e-12,true
42,2,4d253b,vertical_rate,0.0,true,32768,0.0,true,0.0,0.01,0.0,true
42,2,4d253b,callsign,EWG40C,true,EWG40C,EWG40C,true,,exact,,true
43,2,45b534,lat,48.7235,true,3232491,48.723497086405075,true,2.9135949262126815e-06,4.2915354470099084e-05,0.0678916663322146,true
43,2,45b534,lon,9.4611,true,2207381,9.461076131123548,true,2.3868876452226573e-05,8.583070894019817e-05,0.2780925003061202,true
43,2,45b534,altitude,11582.4,true,12582,11582,true,0.3999999999996362,1.0,0.3999999999996362,true
43,2,45b534,speed,222.93,true,2229,222.9,true,0.030000000000001137,0.1,0.30000000000001137,true
43,2,45b534,heading,302.37,true,30237,302.37,true,0.0,0.01,0.0,true
43,2,45b534,vertical_rate,-0.33,true,32735,-0.3299999999999841,true,1.5931700403370996e-14,0.01,1.5931700403370996e-12,true
43,2,45b534,callsign,GAV596,true,GAV596,GAV596,true,,exact,,true
44,2,4d240c,lat,49.2407,true,3244543,49.24071293847868,true,1.2938478683111043e-05,4.2915354470099084e-05,0.3014883330889372,true
44,2,4d240c,lon,10.6218,true,2220904,10.621764808121867,true,3.519187813338931e-05,8.583070894019817e-05,0.4100150000847477,true
44,2,4d240c,altitude,5242.56,true,6243,5243,true,0.4399999999995998,1.0,0.4399999999995998,true
44,2,4d240c,speed,192.03,true,1920,192.0,true,0.030000000000001137,0.1,0.30000000000001137,true
44,2,4d240c,heading,248.8,true,24880,248.8,true,0.0,0.01,0.0,true
44,2,4d240c,vertical_rate,9.43,true,33711,9.430000000000007,true,7.105427357601002e-15,0.01,7.105427357601002e-13,true
44,2,4d240c,callsign,EWG53L,true,EWG53L,EWG53L,true,,exact,,true
45,2,ad35c8,lat,45.9448,true,3167743,45.94481371517509,true,1.3715175086304043e-05,4.2915354470099084e-05,0.3195866667222795,true
45,2,ad35c8,lon,11.2937,true,2228733,11.293733428414669,true,3.34284146692454e-05,8.583070894019817e-05,0.3894691664790555,true
45,2,ad35c8,altitude,13716.0,true,14716,13716,true,0.0,1.0,0.0,true
45,2,ad35c8,speed,255.71,true,2557,255.70000000000002,true,0.009999999999990905,0.1,0.09999999999990905,true
45,2,ad35c8,heading,118.21,true,11821,118.21000000000001,true,1.4210854715202004e-14,0.01,1.4210854715202004e-12,true
45,2,ad35c8,vertical_rate,0.0,true,32768,0.0,true,0.0,0.01,0.0,true
45,2,ad35c8,callsign,N950MP,true,N950MP,N950MP,true,,exact,,true
46,2,3889ff,lat,45.7172,true,3162439,45.717190675065666,true,9.324934332255452e-06,4.2915354470099084e-05,0.21728666691434467,true
46,2,3889ff,lon,5.0918,true,2156475,5.091778061813841,true,2.1938186159253803e-05,8.583070894019817e-05,0.2555983333953242,true
46,2,3889ff,altitude,,false,0,,false,,,,true
46,2,3889ff,speed,7.2,true,72,7.2,true,0.0,0.1,0.0,true
46,2,3889ff,heading,168.75,true,16875,168.75,true,0.0,0.01,0.0,true
46,2,3889ff,vertical_rate,,false,0,,false,,,,true
46,2,3889ff,callsign,LA2,true,LA2,LA2,true,,exact,,true
47,2,4b17fd,lat,47.4443,true,3202684,47.44431911571482,true,1.9115714820827634e-05,4.2915354470099084e-05,0.44542833344523225,true
47,2,4b17fd,lon,8.5674,true,2196969,8.567406789638227,true,6.789638227644446e-06,8.583070894019817e-05,0.07910499996423273,true
47,2,4b17fd,altitude,,false,0,,false,,,,true
47,2,4b17fd,speed,0.06,true,1,0.1,true,0.04000000000000001,0.1,0.4000000000000001,true
47,2,4b17fd,heading,244.69,true,24469,244.69,true,0.0,0.01,0.0,true
47,2,4b17fd,vertical_rate,,false,0,,false,,,,true
47,2,4b17fd,callsign,SWR7DC,true,SWR7DC,SWR7DC,true,,exact,,true
48,3,a48850,lat,48.3537,true,3223874,48.353695476936224,true,4.523063779515724e-06,4.2915354470099084e-05,0.10539499988674521,true
48,3,a48850,lon,9.5029,true,2207868,9.502875686377479,true,2.4313622521532352e-05,8.583070894019817e-05,0.2832741663414742,true
48,3,a48850,altitude,11894.82,true,12895,11895,true,0.18000000000029104,1.0,0.18000000000029104,true
48,3,a48850,speed,241.82,true,2418,241.8,true,0.01999999999998181,0.1,0.1999999999998181,true
48,3,a48850,heading,152.78,true,15278,152.78,true,0.0,0.01,0.0,true
48,3,a48850,vertical_rate,0.0,true,32768,0.0,true,0.0,0.01,0.0,true
48,3,a48850,callsign,UPS266,true,UPS266,UPS266,true,,exact,,true
49,3,896175,lat,45.5287,true,3158047,45.528706438233,true,6.438233000949367e-06,4.2915354470099084e-05,0.15002166661433852,true
49,3,896175,lon,5.104,true,2156617,5.103966022483348,true,3.397751665179527e-05,8.583070894019817e-05,0.3958666667365968,true
49,3,896175,altitude,10972.8,true,11973,10973,true,0.2000000000007276,1.0,0.2000000000007276,true
49,3,896175,speed,255.67,true,2557,255.70000000000002,true,0.03000000000002956,0.1,0.3000000000002956,true
49,3,896175,heading,110.0,true,11000,110.0,true,0.0,0.01,0.0,true
49,3,896175,vertical_rate,0.0,true,32768,0.0,true,0.0,0.01,0.0,true
49,3,896175,callsign,UAE4M,true,UAE4M,UAE4M,true,,exact,,true
50,3,3849ff,lat,47.5896,true,3206069,47.589587590596096,true,1.2409403900903726e-05,4.2915354470099084e-05,0.28916000005429,true
50,3,3849ff,lon,7.5295,true,2184877,7.529541857133353,true,4.185713335314034e-05,8.583070894019817e-05,0.48767083331799055,true
50,3,3849ff,altitude,,false,0,,false,,,,true
50,3,3849ff,speed,22.12,true,221,22.1,true,0.019999999999999574,0.1,0.19999999999999574,true
50,3,3849ff,heading,334.69,true,33469,334.69,true,0.0,0.01,0.0,true
50,3,3849ff,vertical_rate,,false,0,,false,,,,true
50,3,3849ff,callsign,M02,true,M02,M02,true,,exact,,true
51,3,407fac,lat,48.9357,true,3237436,48.9357135142597,true,1.3514259705971199e-05,4.2915354470099084e-05,0.3149050001529673,true
51,3,407fac,lon,8.9906,true,2201900,8.990638015422348,true,3.8015422347825734e-05,8.583070894019817e-05,0.4429116666659792,true
51,3,407fac,altitude,11582.4,true,12582,11582,true,0.3999999999996362,1.0,0.3999999999996362,true
51,3,407fac,speed,228.42,true,2284,228.4,true,0.01999999999998181,0.1,0.1999999999998181,true
51,3,407fac,heading,300.9,true,30090,300.90000000000003,true,5.684341886080802e-14,0.01,5.6843418860808015e-12,true
51,3,407fac,vertical_rate,0.0,true,32768,0.0,true,0.0,0.01,0.0,true
51,3,407fac,callsign,TOM8VC,true,TOM8VC,TOM8VC,true,,exact,,true
52,3,3c815e,lat,48.6862,true,3231622,48.68620364337053,true,3.643370533268353e-06,4.2915354470099084e-05,0.08489666643221697,true
52,3,3c815e,lon,9.2024,true,2204367,9.202382374377805,true,1.7625622195538426e-05,8.583070894019817e-05,0.2053533334767039,true
52,3,3c815e,altitude,,false,0,,false,,,,true
52,3,3c815e,speed,5.66,true,57,5.7,true,0.040000000000000036,0.1,0.40000000000000036,true
52,3,3c815e,heading,73.12,true,7312,73.12,true,0.0,0.01,0.0,true
52,3,3c815e,vertical_rate,,false,0,,false,,,,true
52,3,3c815e,callsign,F172,true,F172,F172,true,,exact,,true
53,3,7c8066,lat,49.405,true,3248371,49.40499291539024,true,7.084609762841865e-06,4.2915354470099084e-05,0.1650833332339829,true
53,3,7c8066,lon,11.5747,true,2232006,11.574657338775921,true,4.2661224078699433e-05,8.583070894019817e-05,0.49703916704711465,true
53,3,7c8066,altitude,12184.38,true,13184,12184,true,0.37999999999919964,1.0,0.37999999999919964,true
53,3,7c8066,speed,243.99,true,2440,244.0,true,0.009999999999990905,0.1,0.09999999999990905,true
53,3,7c8066,heading,293.48,true,29348,293.48,true,0.0,0.01,0.0,true
53,3,7c8066,vertical_rate,0.0,true,32768,0.0,true,0.0,0.01,0.0,true
53,3,7c8066,callsign,QFA219,true,QFA219,QFA219,true,,exact,,true
54,3,45ce47,lat,48.5185,true,3227714,48.518490438101395,true,9.561898608012598e-06,4.2915354470099084e-05,0.22280833342935036,true
54,3,45ce47,lon,6.298,true,2170529,6.298042845259403,true,4.284525940256856e-05,8.583070894019817e-05,0.49918333346658755,true
54,3,45ce47,altitude,11887.2,true,12887,11887,true,0.2000000000007276,1.0,0.2000000000007276,true
54,3,45ce47,speed,233.65,true,2337,233.70000000000002,true,0.05000000000001137,0.1,0.5000000000001137,true
54,3,45ce47,heading,181.64,true,18164,181.64000000000001,true,2.842170943040401e-14,0.01,2.8421709430404007e-12,true
54,3,45ce47,vertical_rate,0.0,true,32768,0.0,true,0.0,0.01,0.0,true
54,3,45ce47,callsign,SRR6382,true,SRR6382,SRR6382,true,,exact,,true
55,3,3c5434,lat,45.7287,true,3162707,45.72869199006365,true,8.009936351527358e-06,4.2915354470099084e-05,0.18664500038344584,true
55,3,3c5434,lon,8.7918,true,2199583,8.79176826280792,true,3.173719207971715e-05,8.583070894019817e-05,0.36976499986537187,true
55,3,3c5434,altitude,3314.7,true,4315,3315,true,0.3000000000001819,1.0,0.3000000000001819,true
55,3,3c5434,speed,167.29,true,1673,167.3,true,0.010000000000019327,0.1,0.10000000000019327,true
55,3,3c5434,heading,152.33,true,15233,152.33,true,0.0,0.01,0.0,true
55,3,3c5434,vertical_rate,-5.85,true,32183,-5.850000000000023,true,2.3092638912203256e-14,0.01,2.3092638912203256e-12,true
55,3,3c5434,callsign,BCS6GA,true,BCS6GA,BCS6GA,true,,exact,,true
56,3,4b5d62,lat,47.4578,true,3202998,47.45779453701843,true,5.462981569337444e-06,4.2915354470099084e-05,0.1272966665845375,true
56,3,4b5d62,lon,8.5619,true,2196905,8.561913624266055,true,1.36242660548902e-05,8.583070894019817e-05,0.15873416663006704,true
56,3,4b5d62,altitude,,false,0,,false,,,,true
56,3,4b5d62,speed,2.57,true,26,2.6,true,0.03000000000000025,0.1,0.3000000000000025,true
56,3,4b5d62,heading,275.62,true,27562,275.62,true,0.0,0.01,0.0,true
56,3,4b5d62,vertical_rate,,false,0,,false,,,,true
56,3,4b5d62,callsign,VIKTOR21,true,VIKTOR21,VIKTOR21,true,,exact,,true
57,3,4b5d54,lat,47.4582,true,3203007,47.45818077520866,true,1.9224791337535407e-05,4.2915354470099084e-05,0.44796999989665987,true
57,3,4b5d54,lon,8.5491,true,2196756,8.549124848633966,true,2.4848633966456646e-05,8.583070894019817e-05,0.28950749997614167,true
57,3,4b5d54,altitude,,false,0,,false,,,,true
57,3,4b5d54,speed,4.37,true,44,4.4,true,0.03000000000000025,0.1,0.3000000000000025,true
57,3,4b5d54,heading,278.44,true,27844,278.44,true,0.0,0.01,0.0,true
57,3,4b5d54,vertical_rate,,false,0,,false,,,,true
57,3,4b5d54,callsign,GALA6,true,GALA6,GALA6,true,,exact,,true
58,3,4b5d6e,lat,47.4409,true,3202604,47.44088588735721,true,1.4112642787722507e-05,4.2915354470099084e-05,0.3288483332359604,true
58,3,4b5d6e,lon,8.5624,true,2196911,8.562428608519696,true,2.8608519695438872e-05,8.583070894019817e-05,0.3333133332892732,true
58,3,4b5d6e,altitude,,false,0,,false,,,,true
58,3,4b5d6e,speed,2.57,true,26,2.6,true,0.03000000000000025,0.1,0.3000000000000025,true
58,3,4b5d6e,heading,219.38,true,21938,219.38,true,0.0,0.01,0.0,true
58,3,4b5d6e,vertical_rate,,false,0,,false,,,,true
58,3,4b5d6e,callsign,VIKTOR31,true,VIKTOR31,VIKTOR31,true,,exact,,true
59,3,4b5c39,lat,47.4579,true,3203000,47.45788036772737,true,1.963227263246381e-05,4.2915354470099084e-05,0.4574649999953381,true
59,3,4b5c39,lon,8.549,true,2196755,8.549039017925026,true,3.90179250260303e-05,8.583070894019817e-05,0.4545916666401499,true
59,3,4b5c39,altitude,,false,0,,false,,,,true
59,3,4b5c39,speed,4.89,true,49,4.9,true,0.010000000000000675,0.1,0.10000000000000675,true
59,3,4b5c39,heading,247.5,true,24750,247.5,true,0.0,0.01,0.0,true
59,3,4b5c39,vertical_rate,,false,0,,false,,,,true
59,3,4b5c39,callsign,GALA21,true,GALA21,GALA21,true,,exact,,true
60,3,4b5c1b,lat,47.4568,true,3202975,47.45680748386562,true,7.483865616109142e-06,4.2915354470099084e-05,0.1743866666957968,true
60,3,4b5c1b,lon,8.5628,true,2196915,8.562771931355456,true,2.8068644542855736e-05,8.583070894019817e-05,0.32702333336675954,true
60,3,4b5c1b,altitude,,false,0,,false,,,,true
60,3,4b5c1b,speed,0.0,true,0,0.0,true,0.0,0.1,0.0,true
60,3,4b5c1b,heading,118.12,true,11812,118.12,true,0.0,0.01,0.0,true
60,3,4b5c1b,vertical_rate,,false,0,,false,,,,true
60,3,4b5c1b,callsign,URSULA8,true,URSULA8,URSULA8,true,,exact,,true
61,3,440b61,lat,49.484,true,3250212,49.484000082969686,true,8.296968445620223e-08,4.2915354470099084e-05,0.0019333333134650132,true
61,3,440b61,lon,5.0333,true,2155794,5.033327349025569,true,2.7349025569556318e-05,8.583070894019817e-05,0.3186391666485188,true
61,3,440b61,altitude,10957.56,true,11958,10958,true,0.4400000000005093,1.0,0.4400000000005093,true
61,3,440b61,speed,233.06,true,2331,233.10000000000002,true,0.040000000000020464,0.1,0.40000000000020464,true
61,3,440b61,heading,36.11,true,3611,36.11,true,0.0,0.01,0.0,true
61,3,440b61,vertical_rate,5.85,true,33353,5.850000000000023,true,2.3092638912203256e-14,0.01,2.3092638912203256e-12,true
61,3,440b61,callsign,TAY5DN,true,TAY5DN,TAY5DN,true,,exact,,true
62,3,48ea3a,lat,47.8793,true,3212820,47.87930914862375,true,9.148623746568774e-06,4.2915354470099084e-05,0.21317833347835916,true
62,3,48ea3a,lon,8.0462,true,2190897,8.046242724953316,true,4.2724953315698144e-05,8.583070894019817e-05,0.4977816662969241,true
62,3,48ea3a,altitude,10972.8,true,11973,10973,true,0.2000000000007276,1.0,0.2000000000007276,true
62,3,48ea3a,speed,229.54,true,2295,229.5,true,0.03999999999999204,0.1,0.3999999999999204,true
62,3,48ea3a,heading,225.45,true,22545,225.45000000000002,true,2.842170943040401e-14,0.01,2.8421709430404007e-12,true
62,3,48ea3a,vertical_rate,0.0,true,32768,0.0,true,0.0,0.01,0.0,true
62,3,48ea3a,callsign,ENT1511,true,ENT1511,ENT1511,true,,exact,,true
63,3,424cbf,lat,46.8685,true,3189266,46.868480889435034,true,1.9110564963398247e-05,4.2915354470099084e-05,0.4453083330982009,true
63,3,424cbf,lon,11.209,true,2227746,11.209018518690698,true,1.8518690698243745e-05,8.583070894019817e-05,0.21575833319921064,true
63,3,424cbf,altitude,9730.74,true,10731,9731,true,0.2600000000002183,1.0,0.2600000000002183,true
63,3,424cbf,speed,243.53,true,2435,243.5,true,0.030000000000001137,0.1,0.30000000000001137,true
63,3,424cbf,heading,222.86,true,22286,222.86,true,0.0,0.01,0.0,true
63,3,424cbf,vertical_rate,-8.13,true,31955,-8.129999999999995,true,5.329070518200751e-15,0.01,5.329070518200751e-13,true
63,3,424cbf,callsign,MACOR,true,MACOR,MACOR,true,,exact,,true
64,3,a61c53,lat,49.3949,true,3248136,49.394907807089766,true,7.807089765776709e-06,4.2915354470099084e-05,0.18191833347703637,true
64,3,a61c53,lon,10.7743,true,2222681,10.77428597790859,true,1.4022091409771065e-05,8.583070894019817e-05,0.16336916685076946,true
64,3,a61c53,altitude,10363.2,true,11363,10363,true,0.2000000000007276,1.0,0.2000000000007276,true
64,3,a61c53,speed,243.05,true,2431,243.10000000000002,true,0.05000000000001137,0.1,0.5000000000001137,true
64,3,a61c53,heading,288.51,true,28851,288.51,true,0.0,0.01,0.0,true
64,3,a61c53,vertical_rate,0.0,true,32768,0.0,true,0.0,0.01,0.0,true
64,3,a61c53,callsign,THY6091,true,THY6091,THY6091,true,,exact,,true
65,3,8966d5,lat,47.8813,true,3212866,47.88128325492937,true,1.6745070631429826e-05,4.2915354470099084e-05,0.3901883332478778,true
65,3,8966d5,lon,7.6513,true,2186296,7.651335633119487,true,3.563311948706627e-05,8.583070894019817e-05,0.41515583323322364,true
65,3,8966d5,altitude,11277.6,true,12278,11278,true,0.3999999999996362,1.0,0.3999999999996362,true
65,3,8966d5,speed,258.28,true,2583,258.3,true,0.020000000000038654,0.1,0.20000000000038654,true
65,3,8966d5,heading,104.06,true,10406,104.06,true,0.0,0.01,0.0,true
65,3,8966d5,vertical_rate,0.0,true,32768,0.0,true,0.0,0.01,0.0,true
65,3,8966d5,callsign,ETD2,true,ETD2,ETD2,true,,exact,,true
66,3,4d253b,lat,46.5154,true,3181039,46.51541626820952,true,1.626820952083108e-05,4.2915354470099084e-05,0.37907666665472417,true
66,3,4d253b,lon,5.7767,true,2164455,5.776707119156612,true,7.119156611778976e-06,8.583070894019817e-05,0.08294416648403999,true
66,3,4d253b,altitude,11277.6,true,12278,11278,true,0.3999999999996362,1.0,0.3999999999996362,true
66,3,4d253b,speed,225.56,true,2256,225.60000000000002,true,0.040000000000020464,0.1,0.40000000000020464,true
66,3,4d253b,heading,195.75,true,19575,195.75,true,0.0,0.01,0.0,true
66,3,4d253b,vertical_rate,0.33,true,32801,0.3299999999999841,true,1.5931700403370996e-14,0.01,1.5931700403370996e-12,true
66,3,4d253b,callsign,EWG40C,true,EWG40C,EWG40C,true,,exact,,true
67,3,45b534,lat,48.7388,true,3232848,48.7388178679509,true,1.7867950901973018e-05,4.2915354470099084e-05,0.41635333373332295,true
67,3,45b534,lon,9.4245,true,2206955,9.424512249115025,true,1.2249115025397828e-05,8.583070894019817e-05,0.14271249971769773,true
67,3,45b534,altitude,11582.4,true,12582,11582,true,0.3999999999996362,1.0,0.3999999999996362,true
67,3,45b534,speed,222.93,true,2229,222.9,true,0.030000000000001137,0.1,0.30000000000001137,true
67,3,45b534,heading,302.37,true,30237,302.37,true,0.0,0.01,0.0,true
67,3,45b534,vertical_rate,0.33,true,32801,0.3299999999999841,true,1.5931700403370996e-14,0.01,1.5931700403370996e-12,true
67,3,45b534,callsign,GAV596,true,GAV596,GAV596,true,,exact,,true
68,3,4d240c,lat,49.2319,true,3244338,49.23191529081231,true,1.529081230700058e-05,4.2915354470099084e-05,0.3563016662871636,true
68,3,4d240c,lon,10.5875,true,2220505,10.58751835525473,true,1.8355254729485182e-05,8.583070894019817e-05,0.21385416660456635,true
68,3,4d240c,altitude,5372.1,true,6372,5372,true,0.1000000000003638,1.0,0.1000000000003638,true
68,3,4d240c,speed,193.84,true,1938,193.8,true,0.03999999999999204,0.1,0.3999999999999204,true
68,3,4d240c,heading,248.68,true,24868,248.68,true,0.0,0.01,0.0,true
68,3,4d240c,vertical_rate,9.1,true,33678,9.100000000000023,true,2.3092638912203256e-14,0.01,2.3092638912203256e-12,true
68,3,4d240c,callsign,EWG53L,true,EWG53L,EWG53L,true,,exact,,true
69,3,ad35c8,lat,45.9295,true,3167386,45.92949293362926,true,7.066370734776228e-06,4.2915354470099084e-05,0.16465833317768966,true
69,3,ad35c8,lon,11.3345,true,2229208,11.33450301516126,true,3.0151612602224986e-06,8.583070894019817e-05,0.03512916644231946,true
69,3,ad35c8,altitude,13716.0,true,14716,13716,true,0.0,1.0,0.0,true
69,3,ad35c8,speed,255.71,true,2557,255.70000000000002,true,0.009999999999990905,0.1,0.09999999999990905,true
69,3,ad35c8,heading,118.21,true,11821,118.21000000000001,true,1.4210854715202004e-14,0.01,1.4210854715202004e-12,true
69,3,ad35c8,vertical_rate,-0.33,true,32735,-0.3299999999999841,true,1.5931700403370996e-14,0.01,1.5931700403370996e-12,true
69,3,ad35c8,callsign,N950MP,true,N950MP,N950MP,true,,exact,,true
70,3,3889ff,lat,45.7164,true,3162421,45.716418198685204,true,1.8198685204140475e-05,4.2915354470099084e-05,0.42405999970990005,true
70,3,3889ff,lon,5.0926,true,2156485,5.092636368903243,true,3.63689032427672e-05,8.583070894019817e-05,0.4237283332718006,true
70,3,3889ff,altitude,,false,0,,false,,,,true
70,3,3889ff,speed,8.23,true,82,8.200000000000001,true,0.02999999999999936,0.1,0.2999999999999936,true
70,3,3889ff,heading,81.56,true,8156,81.56,true,0.0,0.01,0.0,true
70,3,3889ff,vertical_rate,,false,0,,false,,,,true
70,3,3889ff,callsign,LA2,true,LA2,LA2,true,,exact,,true
71,3,4b17fd,lat,47.4443,true,3202684,47.44431911571482,true,1.9115714820827634e-05,4.2915354470099084e-05,0.44542833344523225,true
71,3,4b17fd,lon,8.5674,true,2196969,8.567406789638227,true,6.789638227644446e-06,8.583070894019817e-05,0.07910499996423273,true
71,3,4b17fd,altitude,,false,0,,false,,,,true
71,3,4b17fd,speed,0.39,true,4,0.4,true,0.010000000000000009,0.1,0.10000000000000009,true
71,3,4b17fd,heading,244.69,true,24469,244.69,true,0.0,0.01,0.0,true
71,3,4b17fd,vertical_rate,,false,0,,false,,,,true
71,3,4b17fd,callsign,SWR7DC,true,SWR7DC,SWR7DC,true,,exact,,true
