frame_no,record_no,snapshot_index,target_id,message_seq,stream_offset,frame_length,send_status,receive_status,message_valid,validation_errors
1,1,1,a48850,1,0,41,SENT,ACCEPTED,true,
2,2,1,896175,2,41,41,SENT,ACCEPTED,true,
3,3,1,3849ff,3,82,41,SENT,ACCEPTED,true,
4,4,1,407fac,4,123,41,SENT,ACCEPTED,true,
5,5,1,3c815e,5,164,41,SENT,ACCEPTED,true,
6,6,1,7c8066,6,205,41,SENT,ACCEPTED,true,
7,7,1,45ce47,7,246,41,SENT,ACCEPTED,true,
8,8,1,3c5434,8,287,41,SENT,ACCEPTED,true,
9,9,1,4b5d62,9,328,41,SENT,ACCEPTED,true,
10,10,1,4b5d54,10,369,41,SENT,ACCEPTED,true,
11,11,1,4b5d6e,11,410,41,SENT,ACCEPTED,true,
12,12,1,4b5c39,12,451,41,SENT,ACCEPTED,true,
13,13,1,4b5c1b,13,492,41,SENT,ACCEPTED,true,
14,14,1,48ea3a,14,533,41,SENT,ACCEPTED,true,
15,15,1,424cbf,15,574,41,SENT,ACCEPTED,true,
16,16,1,a61c53,16,615,41,SENT,ACCEPTED,true,
17,17,1,8966d5,17,656,41,SENT,ACCEPTED,true,
18,18,1,4d253b,18,697,41,SENT,ACCEPTED,true,
19,19,1,45b534,19,738,41,SENT,ACCEPTED,true,
20,20,1,4d240c,20,779,41,SENT,ACCEPTED,true,
21,21,1,ad35c8,21,820,41,SENT,ACCEPTED,true,
22,22,1,3889ff,22,861,41,SENT,ACCEPTED,true,
23,23,1,4b17fd,23,902,41,SENT,ACCEPTED,true,
24,24,2,a48850,24,943,41,SENT,ACCEPTED,true,
25,25,2,896175,25,984,41,SENT,ACCEPTED,true,
26,26,2,3849ff,26,1025,41,SENT,ACCEPTED,true,
27,27,2,407fac,27,1066,41,SENT,ACCEPTED,true,
28,28,2,3c815e,28,1107,41,SENT,ACCEPTED,true,
29,29,2,7c8066,29,1148,41,SENT,ACCEPTED,true,
30,30,2,45ce47,30,1189,41,SENT,ACCEPTED,true,
31,31,2,3c5434,31,1230,41,SENT,ACCEPTED,true,
32,32,2,4b5d62,32,1271,41,SENT,ACCEPTED,true,
33,33,2,4b5d54,33,1312,41,SENT,ACCEPTED,true,
34,34,2,4b5d6e,34,1353,41,SENT,ACCEPTED,true,
35,35,2,4b5c39,35,1394,41,SENT,ACCEPTED,true,
36,36,2,4b5c1b,36,1435,41,SENT,ACCEPTED,true,
37,37,2,440b61,37,1476,41,SENT,ACCEPTED,true,
38,38,2,48ea3a,38,1517,41,SENT,ACCEPTED,true,
39,39,2,424cbf,39,1558,41,SENT,ACCEPTED,true,
40,40,2,a61c53,40,1599,41,SENT,ACCEPTED,true,
41,41,2,8966d5,41,1640,41,SENT,ACCEPTED,true,
42,42,2,4d253b,42,1681,41,SENT,ACCEPTED,true,
43,43,2,45b534,43,1722,41,SENT,ACCEPTED,true,
44,44,2,4d240c,44,1763,41,SENT,ACCEPTED,true,
45,45,2,ad35c8,45,1804,41,SENT,ACCEPTED,true,
46,46,2,3889ff,46,1845,41,SENT,ACCEPTED,true,
47,47,2,4b17fd,47,1886,41,SENT,ACCEPTED,true,
48,48,3,a48850,48,1927,41,SENT,ACCEPTED,true,
49,49,3,896175,49,1968,41,SENT,ACCEPTED,true,
50,50,3,3849ff,50,2009,41,SENT,ACCEPTED,true,
51,51,3,407fac,51,2050,41,SENT,ACCEPTED,true,
52,52,3,3c815e,52,2091,41,SENT,ACCEPTED,true,
53,53,3,7c8066,53,2132,41,SENT,ACCEPTED,true,
54,54,3,45ce47,54,2173,41,SENT,ACCEPTED,true,
55,55,3,3c5434,55,2214,41,SENT,ACCEPTED,true,
56,56,3,4b5d62,56,2255,41,SENT,ACCEPTED,true,
57,57,3,4b5d54,57,2296,41,SENT,ACCEPTED,true,
58,58,3,4b5d6e,58,2337,41,SENT,ACCEPTED,true,
59,59,3,4b5c39,59,2378,41,SENT,ACCEPTED,true,
60,60,3,4b5c1b,60,2419,41,SENT,ACCEPTED,true,
61,61,3,440b61,61,2460,41,SENT,ACCEPTED,true,
62,62,3,48ea3a,62,2501,41,SENT,ACCEPTED,true,
63,63,3,424cbf,63,2542,41,SENT,ACCEPTED,true,
64,64,3,a61c53,64,2583,41,SENT,ACCEPTED,true,
65,65,3,8966d5,65,2624,41,SENT,ACCEPTED,true,
66,66,3,4d253b,66,2665,41,SENT,ACCEPTED,true,
67,67,3,45b534,67,2706,41,SENT,ACCEPTED,true,
68,68,3,4d240c,68,2747,41,SENT,ACCEPTED,true,
69,69,3,ad35c8,69,2788,41,SENT,ACCEPTED,true,
70,70,3,3889ff,70,2829,41,SENT,ACCEPTED,true,
71,71,3,4b17fd,71,2870,41,SENT,ACCEPTED,true,
